{
  "Welcome": [
    {
      "image": "adtralza-logo.png",
      "text": "Adtralza® is a new treatment for adult patients with moderate-to-severe atopic dermatitis (eczema) who are candidates for systemic therapy."
    }
  ],
  "Adtralza": [
    {
      "image": "adtralza.png",
      "title": "It is first and only biologic developed to specifically neutralize IL-13, a key driver of atopic dermatitis signs and symptoms(1,2)",
      "text": "Learn more aobut how Adtralza® works and how to use it in treatment."
    }
  ],
  "Threelinks": [
    {
      "image": "1.jpg",
      "title": "Long term sustained improvement",
      "text": "9 out of 10 respondents experienced sustained disease control in clinical trials 10, providing sustained improvement in the burden of disease(1,2 1, 8*†‡).",
      "link": "See effiency and trial data"
    },
    {
      "image": "2.jpg",
      "title":"Improvement in the burden of disease",
      "text": "Patients in clinical trials saw an improvement in Quality of Life with early symptom relief and sustained improvements in burden of disease from week 16 to 32(12,13)",
      "link": "Learn more about qaulity of life improvements"
    },
    {
      "image": "3.jpg",
      "title": "Good safety profile",
      "text": "The overall frequency and severity of adverse events with Adtralza® were comparable to placebo at 16 weeks* and 52 weeks(19)",
      "link": "See safety profile"
    }
  ],
  "Videomodal":[
    {
      "image": "Immunforsvar.png",
      "title": "Adtralza® neutralizes IL-13, a key driver of Atopic Dermatitis signs and symptoms.",
      "text1": "By specifically targeting the IL-13 cytokine, Adtralza® inhibits the interaction with type 2 II receptors and prevents IL-13-induced infammatory responses in the skin(1,2).",
      "text2": "Adtralza® selectively modulates the dysregulated immune system by(1):",
      "text3": " - Reducing markers of skin inflammation",
      "text4": " - Improving markers of skin barrier integrity",
      "text5": " - Reducing epidermal thickness"
    }
  ],
  "Clinical":[
    {
      "image": "WomanInUniform.png",
      "title": "Dosing guide",
      "text": "Adtralza® has a straightforward dosing regimen, with 150 mg profilled syringes(1).",
      "link": "Learn more about application and dosing"
    },
    {
      "image": "PatientInjection.png",
      "title": "Patient injection made simple",
      "text": "This step by step video guide shows the patient how to self inject using the two syringes that come in the Adtralza® carton.",
      "link": "Watch the video"
    }
  ],
  "KOL": [
    {
      "image":"VideoPlaceholder.png",
      "title": "Video Title",
      "text": "Short Description of the content or subject of the video, You can upload a screen from the video as thumbnail image"
    },
    {
      "image":"VideoPlaceholder.png",
      "title": "Video Title",
      "text": "Short Description of the content or subject of the video, You can upload a screen from the video as thumbnail image"
    },
    {
      "image":"VideoPlaceholder.png",
      "title": "Video Title",
      "text": "Short Description of the content or subject of the video, You can upload a screen from the video as thumbnail image"
    },
    {
      "image":"VideoPlaceholder.png",
      "title": "Video Title",
      "text": "Short Description of the content or subject of the video, You can upload a screen from the video as thumbnail image"
    }
  ]
  
}
